site_id,timestamp,power_output_kw,temperature_c,uptime_status,voltage,current
SC001,2025-07-29 22:19:41.014040,132.09,16.64,True,380.4,347.24
SC001,2025-07-29 23:19:41.014040,123.16,21.55,True,394.33,312.33
SC001,2025-07-30 00:19:41.014040,208.18,35.75,True,381.47,545.73
SC001,2025-07-30 01:19:41.014040,133.53,22.87,True,409.83,325.82
SC001,2025-07-30 02:19:41.014040,85.45,31.16,True,401.71,212.72
SC001,2025-07-30 03:19:41.014040,191.82,23.43,True,419.84,456.89
SC001,2025-07-30 04:19:41.014040,227.98,36.68,True,385.09,592.02
SC001,2025-07-30 05:19:41.014040,89.49,26.01,True,412.12,217.15
SC001,2025-07-30 06:19:41.014040,182.35,32.58,True,389.56,468.09
SC001,2025-07-30 07:19:41.014040,169.47,24.45,False,381.3,444.45
SC001,2025-07-30 08:19:41.014040,209.95,18.95,True,410.59,511.34
SC001,2025-07-30 09:19:41.014040,141.9,29.35,True,391.31,362.63
SC001,2025-07-30 10:19:41.014040,201.38,36.88,True,417.28,482.6
SC001,2025-07-30 11:19:41.014040,89.17,18.27,True,409.84,217.57
SC001,2025-07-30 12:19:41.014040,216.79,22.91,True,385.2,562.8
SC001,2025-07-30 13:19:41.014040,53.78,17.46,True,412.3,130.44
SC001,2025-07-30 14:19:41.014040,69.21,31.97,True,401.94,172.19
SC001,2025-07-30 15:19:41.014040,90.23,27.96,True,401.7,224.62
SC001,2025-07-30 16:19:41.014040,245.64,38.04,True,397.51,617.95
SC001,2025-07-30 17:19:41.014040,180.99,32.31,True,385.74,469.2
SC001,2025-07-30 18:19:41.014040,66.64,23.82,True,381.26,174.79
SC001,2025-07-30 19:19:41.014040,215.74,21.29,True,416.7,517.73
SC001,2025-07-30 20:19:41.014040,108.65,32.46,True,387.72,280.23
SC001,2025-07-30 21:19:41.014040,173.91,37.28,True,397.44,437.58
SC001,2025-07-30 22:19:41.014040,120.37,31.62,True,406.19,296.34
SC001,2025-07-30 23:19:41.014040,221.4,22.21,True,392.7,563.79
SC001,2025-07-31 00:19:41.014040,164.32,34.21,True,400.78,410.0
SC001,2025-07-31 01:19:41.014040,138.42,31.55,True,414.65,333.82
SC001,2025-07-31 02:19:41.014040,87.5,25.36,True,406.89,215.05
SC001,2025-07-31 03:19:41.014040,143.36,34.76,True,387.72,369.75
SC001,2025-07-31 04:19:41.014040,124.88,26.76,True,398.48,313.39
SC001,2025-07-31 05:19:41.014040,215.77,24.57,True,393.76,547.97
SC001,2025-07-31 06:19:41.014040,136.9,15.86,True,401.58,340.9
SC001,2025-07-31 07:19:41.014040,248.47,31.33,True,418.48,593.74
SC001,2025-07-31 08:19:41.014040,181.42,28.73,True,407.36,445.36
SC001,2025-07-31 09:19:41.014040,74.11,32.2,True,395.47,187.4
SC001,2025-07-31 10:19:41.014040,214.89,32.8,True,380.17,565.25
SC001,2025-07-31 11:19:41.014040,124.08,17.13,True,391.2,317.18
SC001,2025-07-31 12:19:41.014040,51.29,37.35,True,408.52,125.55
SC001,2025-07-31 13:19:41.014040,115.68,18.9,False,402.25,287.58
SC001,2025-07-31 14:19:41.014040,129.19,19.95,True,397.51,325.0
SC001,2025-07-31 15:19:41.014040,163.28,33.75,True,416.38,392.14
SC001,2025-07-31 16:19:41.014040,119.12,19.26,True,381.09,312.58
SC001,2025-07-31 17:19:41.014040,225.79,37.46,True,401.45,562.44
SC001,2025-07-31 18:19:41.014040,99.22,30.67,True,406.32,244.19
SC001,2025-07-31 19:19:41.014040,223.32,23.29,True,380.65,586.68
SC001,2025-07-31 20:19:41.014040,132.98,21.0,True,393.21,338.19
SC001,2025-07-31 21:19:41.014040,127.56,18.93,True,403.11,316.44
SC001,2025-07-31 22:19:41.014040,233.4,16.92,True,417.49,559.06
SC001,2025-07-31 23:19:41.014040,220.67,16.55,True,390.01,565.81
SC001,2025-08-01 00:19:41.014040,170.82,36.45,True,382.68,446.38
SC001,2025-08-01 01:19:41.014040,194.96,27.77,True,414.09,470.82
SC001,2025-08-01 02:19:41.014040,137.3,17.9,True,417.84,328.59
SC001,2025-08-01 03:19:41.014040,168.88,19.09,True,381.63,442.52
SC001,2025-08-01 04:19:41.014040,115.86,25.17,True,399.86,289.75
SC001,2025-08-01 05:19:41.014040,168.16,34.74,True,385.73,435.95
SC001,2025-08-01 06:19:41.014040,180.65,22.83,True,403.04,448.22
SC001,2025-08-01 07:19:41.014040,179.67,39.88,True,380.47,472.23
SC001,2025-08-01 08:19:41.014040,156.46,39.76,True,390.66,400.5
SC001,2025-08-01 09:19:41.014040,189.05,38.68,True,410.48,460.56
SC001,2025-08-01 10:19:41.014040,170.87,22.53,True,390.25,437.85
SC001,2025-08-01 11:19:41.014040,240.33,27.94,True,398.93,602.44
SC001,2025-08-01 12:19:41.014040,56.51,36.61,True,406.37,139.06
SC001,2025-08-01 13:19:41.014040,52.35,25.52,True,388.62,134.71
SC001,2025-08-01 14:19:41.014040,61.46,26.69,True,396.17,155.14
SC001,2025-08-01 15:19:41.014040,228.97,24.91,True,405.14,565.16
SC001,2025-08-01 16:19:41.014040,229.67,29.11,True,395.14,581.24
SC001,2025-08-01 17:19:41.014040,220.14,16.42,True,407.35,540.42
SC001,2025-08-01 18:19:41.014040,156.0,18.13,True,384.31,405.92
SC001,2025-08-01 19:19:41.014040,158.81,37.66,True,399.71,397.31
SC001,2025-08-01 20:19:41.014040,201.61,16.61,False,381.61,528.31
SC001,2025-08-01 21:19:41.014040,54.07,30.35,True,401.57,134.65
SC001,2025-08-01 22:19:41.014040,216.85,32.05,True,400.54,541.39
SC001,2025-08-01 23:19:41.014040,121.73,28.4,True,388.17,313.6
SC001,2025-08-02 00:19:41.014040,145.72,38.86,True,393.05,370.74
SC001,2025-08-02 01:19:41.014040,237.06,17.66,True,395.25,599.77
SC001,2025-08-02 02:19:41.014040,232.01,28.98,True,416.68,556.81
SC001,2025-08-02 03:19:41.014040,88.09,38.99,True,385.23,228.67
SC001,2025-08-02 04:19:41.014040,239.83,37.06,True,402.15,596.37
SC001,2025-08-02 05:19:41.014040,201.51,24.82,True,419.44,480.43
SC001,2025-08-02 06:19:41.014040,241.58,22.26,True,398.99,605.48
SC001,2025-08-02 07:19:41.014040,232.01,29.34,True,412.36,562.64
SC001,2025-08-02 08:19:41.014040,131.53,31.48,True,395.32,332.72
SC001,2025-08-02 09:19:41.014040,73.17,33.29,True,408.55,179.1
SC001,2025-08-02 10:19:41.014040,201.26,19.62,True,391.84,513.63
SC001,2025-08-02 11:19:41.014040,143.37,35.12,True,390.09,367.53
SC001,2025-08-02 12:19:41.014040,94.24,39.81,True,390.02,241.63
SC001,2025-08-02 13:19:41.014040,161.87,15.27,True,381.62,424.17
SC001,2025-08-02 14:19:41.014040,188.82,15.83,True,380.54,496.19
SC001,2025-08-02 15:19:41.014040,118.76,15.63,True,394.8,300.81
SC001,2025-08-02 16:19:41.014040,221.28,36.81,True,395.3,559.78
SC001,2025-08-02 17:19:41.014040,178.3,20.96,True,407.0,438.08
SC001,2025-08-02 18:19:41.014040,175.82,28.55,True,405.58,433.5
SC001,2025-08-02 19:19:41.014040,50.09,32.72,True,401.17,124.86
SC001,2025-08-02 20:19:41.014040,102.13,27.54,True,390.11,261.8
SC001,2025-08-02 21:19:41.014040,225.14,20.06,True,398.92,564.37
SC001,2025-08-02 22:19:41.014040,176.24,37.73,True,391.4,450.28
SC001,2025-08-02 23:19:41.014040,135.03,29.91,True,391.33,345.05
SC001,2025-08-03 00:19:41.014040,99.47,23.52,True,380.16,261.65
SC001,2025-08-03 01:19:41.014040,97.92,27.37,True,415.37,235.74
SC001,2025-08-03 02:19:41.014040,121.3,39.16,True,391.39,309.92
SC001,2025-08-03 03:19:41.014040,116.97,19.4,True,389.78,300.09
SC001,2025-08-03 04:19:41.014040,230.76,24.21,False,418.07,551.96
SC001,2025-08-03 05:19:41.014040,205.7,29.9,True,411.46,499.93
SC001,2025-08-03 06:19:41.014040,178.5,18.42,True,385.92,462.53
SC001,2025-08-03 07:19:41.014040,144.63,25.36,True,381.09,379.52
SC001,2025-08-03 08:19:41.014040,195.78,30.71,True,390.97,500.75
SC001,2025-08-03 09:19:41.014040,172.74,16.21,True,380.62,453.84
SC001,2025-08-03 10:19:41.014040,80.84,26.85,True,406.66,198.79
SC001,2025-08-03 11:19:41.014040,79.97,37.75,True,411.86,194.17
SC001,2025-08-03 12:19:41.014040,91.02,22.53,True,396.4,229.62
SC001,2025-08-03 13:19:41.014040,156.39,21.83,True,404.03,387.08
SC001,2025-08-03 14:19:41.014040,203.77,34.41,True,402.6,506.14
SC001,2025-08-03 15:19:41.014040,130.12,26.24,True,398.37,326.63
SC001,2025-08-03 16:19:41.014040,87.49,33.78,True,381.07,229.59
SC001,2025-08-03 17:19:41.014040,114.5,23.56,True,415.25,275.74
SC001,2025-08-03 18:19:41.014040,196.92,15.05,True,386.16,509.94
SC001,2025-08-03 19:19:41.014040,100.46,19.44,False,385.92,260.31
SC001,2025-08-03 20:19:41.014040,237.55,21.44,True,406.6,584.24
SC001,2025-08-03 21:19:41.014040,58.05,16.66,True,403.21,143.97
SC001,2025-08-03 22:19:41.014040,119.55,38.56,True,413.86,288.87
SC001,2025-08-03 23:19:41.014040,55.31,19.86,True,404.32,136.8
SC001,2025-08-04 00:19:41.014040,138.48,16.53,True,394.69,350.86
SC001,2025-08-04 01:19:41.014040,176.2,38.55,True,401.94,438.37
SC001,2025-08-04 02:19:41.014040,146.87,31.42,True,411.12,357.24
SC001,2025-08-04 03:19:41.014040,159.39,20.62,True,407.77,390.88
SC001,2025-08-04 04:19:41.014040,140.79,38.81,True,389.68,361.3
SC001,2025-08-04 05:19:41.014040,134.23,16.34,True,413.1,324.93
SC001,2025-08-04 06:19:41.014040,161.53,39.14,True,407.34,396.55
SC001,2025-08-04 07:19:41.014040,190.14,34.78,True,407.98,466.05
SC001,2025-08-04 08:19:41.014040,66.84,16.8,True,387.05,172.69
SC001,2025-08-04 09:19:41.014040,135.16,22.92,True,419.01,322.57
SC001,2025-08-04 10:19:41.014040,232.13,33.85,True,394.59,588.28
SC001,2025-08-04 11:19:41.014040,64.34,33.36,True,382.08,168.39
SC001,2025-08-04 12:19:41.014040,186.9,36.28,True,415.83,449.46
SC001,2025-08-04 13:19:41.014040,76.91,33.27,True,382.85,200.89
SC001,2025-08-04 14:19:41.014040,195.08,23.84,True,404.55,482.21
SC001,2025-08-04 15:19:41.014040,239.15,33.83,True,391.56,610.76
SC001,2025-08-04 16:19:41.014040,212.45,33.61,True,418.81,507.27
SC001,2025-08-04 17:19:41.014040,99.39,27.97,True,410.19,242.3
SC001,2025-08-04 18:19:41.014040,223.74,31.44,True,406.62,550.24
SC001,2025-08-04 19:19:41.014040,244.89,39.87,True,416.9,587.41
SC001,2025-08-04 20:19:41.014040,145.05,36.75,True,386.85,374.95
SC001,2025-08-04 21:19:41.014040,152.47,16.2,True,416.64,365.95
SC001,2025-08-04 22:19:41.014040,135.5,28.97,True,413.67,327.56
SC001,2025-08-04 23:19:41.014040,218.54,36.53,True,417.38,523.6
SC001,2025-08-05 00:19:41.014040,91.03,17.99,True,389.51,233.7
SC001,2025-08-05 01:19:41.014040,112.3,36.64,True,392.27,286.28
SC001,2025-08-05 02:19:41.014040,242.04,34.23,True,402.53,601.3
SC001,2025-08-05 03:19:41.014040,111.27,15.83,True,401.82,276.92
SC001,2025-08-05 04:19:41.014040,73.6,24.33,True,390.52,188.47
SC001,2025-08-05 05:19:41.014040,107.62,39.95,True,397.32,270.86
SC001,2025-08-05 06:19:41.014040,96.14,18.13,True,386.53,248.73
SC001,2025-08-05 07:19:41.014040,166.86,15.29,True,408.49,408.48
SC001,2025-08-05 08:19:41.014040,181.78,35.36,True,384.77,472.44
SC001,2025-08-05 09:19:41.014040,58.56,35.95,True,409.56,142.98
SC001,2025-08-05 10:19:41.014040,157.71,20.67,True,387.28,407.22
SC001,2025-08-05 11:19:41.014040,189.81,19.52,True,400.88,473.48
SC001,2025-08-05 12:19:41.014040,85.87,15.72,True,408.07,210.43
SC001,2025-08-05 13:19:41.014040,177.66,35.8,True,393.19,451.84
SC001,2025-08-05 14:19:41.014040,222.92,29.06,True,389.92,571.71
SC001,2025-08-05 15:19:41.014040,199.19,31.43,True,410.13,485.68
SC001,2025-08-05 16:19:41.014040,122.55,22.96,True,414.75,295.48
SC001,2025-08-05 17:19:41.014040,169.22,26.19,True,410.38,412.35
SC001,2025-08-05 18:19:41.014040,122.52,30.69,True,398.34,307.58
SC001,2025-08-05 19:19:41.014040,136.68,37.59,True,384.39,355.58
SC001,2025-08-05 20:19:41.014040,55.36,36.44,True,412.06,134.35
SC001,2025-08-05 21:19:41.014040,61.85,22.57,True,399.97,154.64
SC002,2025-07-29 22:19:41.014040,132.74,21.76,True,406.18,326.8
SC002,2025-07-29 23:19:41.014040,166.84,28.73,True,385.36,432.95
SC002,2025-07-30 00:19:41.014040,79.0,25.1,True,402.63,196.21
SC002,2025-07-30 01:19:41.014040,59.3,35.05,True,386.72,153.34
SC002,2025-07-30 02:19:41.014040,189.94,18.74,True,386.88,490.95
SC002,2025-07-30 03:19:41.014040,217.43,18.22,True,398.44,545.7
SC002,2025-07-30 04:19:41.014040,120.76,28.16,True,394.21,306.33
SC002,2025-07-30 05:19:41.014040,82.72,20.25,False,391.75,211.16
SC002,2025-07-30 06:19:41.014040,146.62,37.39,True,386.46,379.39
SC002,2025-07-30 07:19:41.014040,162.87,39.93,True,397.57,409.66
SC002,2025-07-30 08:19:41.014040,239.48,17.77,True,404.64,591.83
SC002,2025-07-30 09:19:41.014040,213.26,38.54,True,412.66,516.79
SC002,2025-07-30 10:19:41.014040,158.41,22.38,True,394.3,401.75
SC002,2025-07-30 11:19:41.014040,196.83,21.41,True,382.79,514.2
SC002,2025-07-30 12:19:41.014040,188.11,29.68,True,388.99,483.59
SC002,2025-07-30 13:19:41.014040,133.64,22.08,True,411.98,324.38
SC002,2025-07-30 14:19:41.014040,121.41,21.7,True,408.89,296.93
SC002,2025-07-30 15:19:41.014040,98.2,23.23,True,409.49,239.81
SC002,2025-07-30 16:19:41.014040,97.19,37.81,True,414.57,234.44
SC002,2025-07-30 17:19:41.014040,129.6,26.37,True,401.93,322.44
SC002,2025-07-30 18:19:41.014040,195.34,30.85,True,381.76,511.68
SC002,2025-07-30 19:19:41.014040,158.45,26.29,True,414.95,381.85
SC002,2025-07-30 20:19:41.014040,52.13,24.54,True,403.3,129.26
SC002,2025-07-30 21:19:41.014040,88.14,15.32,True,388.49,226.88
SC002,2025-07-30 22:19:41.014040,136.67,26.78,True,386.82,353.32
SC002,2025-07-30 23:19:41.014040,52.11,39.56,True,411.34,126.68
SC002,2025-07-31 00:19:41.014040,227.67,28.95,True,403.08,564.83
SC002,2025-07-31 01:19:41.014040,82.59,38.02,True,416.3,198.39
SC002,2025-07-31 02:19:41.014040,243.25,21.17,True,380.13,639.91
SC002,2025-07-31 03:19:41.014040,128.91,15.34,True,417.8,308.54
SC002,2025-07-31 04:19:41.014040,209.17,27.74,True,406.32,514.79
SC002,2025-07-31 05:19:41.014040,198.7,37.39,True,390.57,508.74
SC002,2025-07-31 06:19:41.014040,124.59,39.9,True,403.87,308.49
SC002,2025-07-31 07:19:41.014040,73.28,35.98,True,414.88,176.63
SC002,2025-07-31 08:19:41.014040,187.46,38.89,True,386.22,485.37
SC002,2025-07-31 09:19:41.014040,160.17,21.78,True,397.7,402.74
SC002,2025-07-31 10:19:41.014040,69.0,19.31,True,383.95,179.71
SC002,2025-07-31 11:19:41.014040,116.3,30.7,True,407.9,285.12
SC002,2025-07-31 12:19:41.014040,75.49,36.9,True,406.1,185.89
SC002,2025-07-31 13:19:41.014040,106.6,15.03,True,397.77,267.99
SC002,2025-07-31 14:19:41.014040,210.6,24.31,True,385.38,546.47
SC002,2025-07-31 15:19:41.014040,61.85,24.71,True,397.38,155.64
SC002,2025-07-31 16:19:41.014040,140.68,19.81,True,409.38,343.64
SC002,2025-07-31 17:19:41.014040,139.78,30.64,True,412.0,339.27
SC002,2025-07-31 18:19:41.014040,95.14,18.04,True,381.24,249.55
SC002,2025-07-31 19:19:41.014040,232.64,20.97,True,416.91,558.01
SC002,2025-07-31 20:19:41.014040,217.99,19.62,True,395.24,551.54
SC002,2025-07-31 21:19:41.014040,235.92,29.69,True,419.45,562.45
SC002,2025-07-31 22:19:41.014040,244.86,15.32,True,395.98,618.36
SC002,2025-07-31 23:19:41.014040,189.96,30.16,True,388.54,488.91
SC002,2025-08-01 00:19:41.014040,171.98,32.31,True,385.37,446.27
SC002,2025-08-01 01:19:41.014040,129.28,30.34,True,406.7,317.88
SC002,2025-08-01 02:19:41.014040,175.81,20.67,True,408.88,429.98
SC002,2025-08-01 03:19:41.014040,104.04,28.8,True,394.32,263.85
SC002,2025-08-01 04:19:41.014040,136.06,30.77,True,392.73,346.45
SC002,2025-08-01 05:19:41.014040,206.46,20.95,True,400.49,515.52
SC002,2025-08-01 06:19:41.014040,188.82,18.77,True,418.64,451.03
SC002,2025-08-01 07:19:41.014040,90.69,33.33,True,417.46,217.24
SC002,2025-08-01 08:19:41.014040,184.33,17.57,True,395.39,466.2
SC002,2025-08-01 09:19:41.014040,209.77,26.09,True,402.91,520.64
SC002,2025-08-01 10:19:41.014040,111.59,19.8,True,404.58,275.82
SC002,2025-08-01 11:19:41.014040,248.3,16.62,True,397.76,624.25
SC002,2025-08-01 12:19:41.014040,91.35,27.03,True,403.27,226.52
SC002,2025-08-01 13:19:41.014040,55.22,35.93,True,414.5,133.22
SC002,2025-08-01 14:19:41.014040,173.46,16.82,True,391.89,442.62
SC002,2025-08-01 15:19:41.014040,113.81,39.62,True,410.07,277.54
SC002,2025-08-01 16:19:41.014040,53.05,37.77,True,407.83,130.08
SC002,2025-08-01 17:19:41.014040,249.55,36.59,True,389.83,640.15
SC002,2025-08-01 18:19:41.014040,109.6,37.12,True,381.85,287.02
SC002,2025-08-01 19:19:41.014040,223.36,35.04,True,390.64,571.78
SC002,2025-08-01 20:19:41.014040,55.99,36.69,True,384.14,145.75
SC002,2025-08-01 21:19:41.014040,165.16,24.87,True,399.77,413.14
SC002,2025-08-01 22:19:41.014040,157.07,26.58,True,410.88,382.28
SC002,2025-08-01 23:19:41.014040,234.96,30.62,True,414.99,566.18
SC002,2025-08-02 00:19:41.014040,179.63,31.3,True,382.67,469.41
SC002,2025-08-02 01:19:41.014040,199.0,24.12,False,389.2,511.31
SC002,2025-08-02 02:19:41.014040,179.17,35.06,True,392.28,456.74
SC002,2025-08-02 03:19:41.014040,89.81,19.32,True,398.33,225.47
SC002,2025-08-02 04:19:41.014040,145.33,15.74,True,397.79,365.34
SC002,2025-08-02 05:19:41.014040,216.29,18.67,True,416.12,519.78
SC002,2025-08-02 06:19:41.014040,85.37,17.31,True,384.9,221.8
SC002,2025-08-02 07:19:41.014040,192.18,32.02,True,384.55,499.75
SC002,2025-08-02 08:19:41.014040,210.83,29.14,True,409.8,514.47
SC002,2025-08-02 09:19:41.014040,87.72,28.68,True,418.09,209.81
SC002,2025-08-02 10:19:41.014040,236.2,30.45,True,404.28,584.25
SC002,2025-08-02 11:19:41.014040,246.21,31.47,True,414.85,593.49
SC002,2025-08-02 12:19:41.014040,103.1,36.83,True,399.5,258.07
SC002,2025-08-02 13:19:41.014040,172.63,36.77,True,400.07,431.5
SC002,2025-08-02 14:19:41.014040,108.45,22.9,True,384.84,281.81
SC002,2025-08-02 15:19:41.014040,57.13,16.76,True,404.85,141.11
SC002,2025-08-02 16:19:41.014040,85.54,19.86,True,391.64,218.41
SC002,2025-08-02 17:19:41.014040,181.53,36.06,True,394.97,459.6
SC002,2025-08-02 18:19:41.014040,192.56,21.26,True,394.15,488.54
SC002,2025-08-02 19:19:41.014040,194.87,38.51,True,394.75,493.65
SC002,2025-08-02 20:19:41.014040,68.6,25.13,True,406.73,168.66
SC002,2025-08-02 21:19:41.014040,108.25,19.39,True,404.27,267.77
SC002,2025-08-02 22:19:41.014040,186.39,36.49,True,394.24,472.78
SC002,2025-08-02 23:19:41.014040,76.12,16.61,True,398.46,191.04
SC002,2025-08-03 00:19:41.014040,77.12,27.25,True,401.98,191.85
SC002,2025-08-03 01:19:41.014040,207.67,39.08,True,410.23,506.23
SC002,2025-08-03 02:19:41.014040,192.39,25.41,True,401.17,479.57
SC002,2025-08-03 03:19:41.014040,207.35,34.32,True,386.48,536.51
SC002,2025-08-03 04:19:41.014040,76.44,27.64,True,398.37,191.88
SC002,2025-08-03 05:19:41.014040,147.77,26.15,False,392.52,376.46
SC002,2025-08-03 06:19:41.014040,225.99,38.54,True,404.56,558.61
SC002,2025-08-03 07:19:41.014040,154.39,30.13,True,380.5,405.76
SC002,2025-08-03 08:19:41.014040,91.57,34.47,True,389.43,235.14
SC002,2025-08-03 09:19:41.014040,124.09,31.68,False,387.29,320.41
SC002,2025-08-03 10:19:41.014040,192.5,32.03,True,409.52,470.06
SC002,2025-08-03 11:19:41.014040,121.04,18.65,True,419.05,288.84
SC002,2025-08-03 12:19:41.014040,198.67,24.7,True,411.77,482.48
SC002,2025-08-03 13:19:41.014040,129.5,32.58,True,396.81,326.35
SC002,2025-08-03 14:19:41.014040,162.68,24.23,True,400.67,406.02
SC002,2025-08-03 15:19:41.014040,51.88,17.57,True,416.7,124.5
SC002,2025-08-03 16:19:41.014040,107.2,37.62,True,402.8,266.14
SC002,2025-08-03 17:19:41.014040,108.12,27.71,True,394.39,274.14
SC002,2025-08-03 18:19:41.014040,90.58,37.76,True,394.59,229.55
SC002,2025-08-03 19:19:41.014040,97.84,34.32,True,394.44,248.05
SC002,2025-08-03 20:19:41.014040,93.2,31.75,True,389.99,238.98
SC002,2025-08-03 21:19:41.014040,73.36,20.24,True,405.15,181.07
SC002,2025-08-03 22:19:41.014040,238.0,29.14,True,388.3,612.93
SC002,2025-08-03 23:19:41.014040,217.72,38.34,True,398.74,546.02
SC002,2025-08-04 00:19:41.014040,240.75,37.74,True,415.39,579.58
SC002,2025-08-04 01:19:41.014040,100.32,36.39,True,380.71,263.51
SC002,2025-08-04 02:19:41.014040,82.53,22.5,True,404.33,204.12
SC002,2025-08-04 03:19:41.014040,111.96,35.61,True,401.84,278.62
SC002,2025-08-04 04:19:41.014040,179.3,37.25,True,416.24,430.76
SC002,2025-08-04 05:19:41.014040,89.04,39.6,True,406.06,219.28
SC002,2025-08-04 06:19:41.014040,233.66,21.54,True,398.54,586.29
SC002,2025-08-04 07:19:41.014040,171.49,32.11,True,419.61,408.69
SC002,2025-08-04 08:19:41.014040,227.46,28.92,True,417.79,544.44
SC002,2025-08-04 09:19:41.014040,88.22,16.26,True,380.13,232.08
SC002,2025-08-04 10:19:41.014040,225.19,26.71,True,409.56,549.83
SC002,2025-08-04 11:19:41.014040,192.93,26.41,True,392.53,491.5
SC002,2025-08-04 12:19:41.014040,166.86,28.91,True,392.42,425.21
SC002,2025-08-04 13:19:41.014040,247.41,25.66,True,409.02,604.88
SC002,2025-08-04 14:19:41.014040,136.55,37.12,True,399.51,341.79
SC002,2025-08-04 15:19:41.014040,167.57,36.24,True,410.35,408.36
SC002,2025-08-04 16:19:41.014040,67.88,28.96,True,400.38,169.54
SC002,2025-08-04 17:19:41.014040,72.7,21.56,True,414.02,175.6
SC002,2025-08-04 18:19:41.014040,168.52,18.22,True,414.32,406.74
SC002,2025-08-04 19:19:41.014040,164.8,38.82,True,404.33,407.59
SC002,2025-08-04 20:19:41.014040,215.62,39.63,True,403.57,534.28
SC002,2025-08-04 21:19:41.014040,241.64,17.06,True,381.08,634.09
SC002,2025-08-04 22:19:41.014040,112.78,30.34,True,410.08,275.02
SC002,2025-08-04 23:19:41.014040,73.29,34.92,True,407.16,180.0
SC002,2025-08-05 00:19:41.014040,69.39,22.1,True,388.07,178.81
SC002,2025-08-05 01:19:41.014040,203.25,35.95,True,409.39,496.47
SC002,2025-08-05 02:19:41.014040,56.62,35.93,True,397.91,142.29
SC002,2025-08-05 03:19:41.014040,135.1,19.69,True,408.22,330.95
SC002,2025-08-05 04:19:41.014040,207.13,32.67,True,402.65,514.42
SC002,2025-08-05 05:19:41.014040,140.5,31.51,True,390.2,360.07
SC002,2025-08-05 06:19:41.014040,93.98,33.81,True,404.72,232.21
SC002,2025-08-05 07:19:41.014040,79.52,38.46,True,411.26,193.36
SC002,2025-08-05 08:19:41.014040,167.83,22.02,True,410.26,409.08
SC002,2025-08-05 09:19:41.014040,126.63,30.22,True,389.9,324.78
SC002,2025-08-05 10:19:41.014040,230.9,35.29,True,396.34,582.58
SC002,2025-08-05 11:19:41.014040,59.66,28.46,True,390.27,152.87
SC002,2025-08-05 12:19:41.014040,73.97,33.08,True,412.32,179.4
SC002,2025-08-05 13:19:41.014040,245.59,34.6,True,404.14,607.69
SC002,2025-08-05 14:19:41.014040,96.53,24.69,True,396.4,243.52
SC002,2025-08-05 15:19:41.014040,221.77,39.74,True,395.5,560.73
SC002,2025-08-05 16:19:41.014040,134.39,18.63,True,408.42,329.05
SC002,2025-08-05 17:19:41.014040,149.66,18.65,True,411.64,363.57
SC002,2025-08-05 18:19:41.014040,98.65,37.15,True,410.49,240.32
SC002,2025-08-05 19:19:41.014040,109.26,31.2,False,395.55,276.22
SC002,2025-08-05 20:19:41.014040,55.62,21.14,True,395.63,140.59
SC002,2025-08-05 21:19:41.014040,115.6,27.21,True,395.01,292.65
SC003,2025-07-29 22:19:41.014040,212.01,28.1,True,400.59,529.24
SC003,2025-07-29 23:19:41.014040,181.96,21.84,True,418.92,434.36
SC003,2025-07-30 00:19:41.014040,100.42,28.27,True,395.14,254.14
SC003,2025-07-30 01:19:41.014040,147.6,16.56,True,391.44,377.07
SC003,2025-07-30 02:19:41.014040,120.93,37.51,True,406.94,297.17
SC003,2025-07-30 03:19:41.014040,181.77,27.4,False,407.01,446.6
SC003,2025-07-30 04:19:41.014040,76.39,33.87,True,414.3,184.38
SC003,2025-07-30 05:19:41.014040,221.0,18.3,True,394.0,560.91
SC003,2025-07-30 06:19:41.014040,205.7,15.16,True,399.74,514.58
SC003,2025-07-30 07:19:41.014040,185.83,27.46,True,395.32,470.07
SC003,2025-07-30 08:19:41.014040,237.49,31.34,True,418.43,567.57
SC003,2025-07-30 09:19:41.014040,117.76,33.01,True,401.6,293.23
SC003,2025-07-30 10:19:41.014040,223.66,28.95,True,402.85,555.19
SC003,2025-07-30 11:19:41.014040,131.76,28.77,True,386.24,341.14
SC003,2025-07-30 12:19:41.014040,194.03,36.24,True,405.49,478.51
SC003,2025-07-30 13:19:41.014040,234.79,15.52,True,392.98,597.46
SC003,2025-07-30 14:19:41.014040,94.29,38.91,True,389.0,242.39
SC003,2025-07-30 15:19:41.014040,128.0,38.81,True,394.4,324.54
SC003,2025-07-30 16:19:41.014040,75.45,39.92,True,405.72,185.97
SC003,2025-07-30 17:19:41.014040,216.2,37.81,True,406.29,532.13
SC003,2025-07-30 18:19:41.014040,103.37,24.71,True,381.13,271.22
SC003,2025-07-30 19:19:41.014040,186.92,26.28,True,413.05,452.54
SC003,2025-07-30 20:19:41.014040,244.77,16.82,True,388.94,629.33
SC003,2025-07-30 21:19:41.014040,85.1,24.42,True,416.75,204.2
SC003,2025-07-30 22:19:41.014040,247.69,35.59,True,418.16,592.33
SC003,2025-07-30 23:19:41.014040,124.3,21.86,True,400.03,310.73
SC003,2025-07-31 00:19:41.014040,161.1,18.87,True,418.33,385.1
SC003,2025-07-31 01:19:41.014040,109.27,23.52,True,405.86,269.23
SC003,2025-07-31 02:19:41.014040,163.09,17.76,True,386.08,422.43
SC003,2025-07-31 03:19:41.014040,55.74,25.88,True,401.03,138.99
SC003,2025-07-31 04:19:41.014040,156.35,29.97,True,400.23,390.65
SC003,2025-07-31 05:19:41.014040,217.75,23.42,True,393.33,553.61
SC003,2025-07-31 06:19:41.014040,231.62,25.23,True,413.36,560.33
SC003,2025-07-31 07:19:41.014040,154.4,26.12,True,398.9,387.06
SC003,2025-07-31 08:19:41.014040,178.32,31.08,True,390.54,456.6
SC003,2025-07-31 09:19:41.014040,137.23,32.36,True,385.95,355.56
SC003,2025-07-31 10:19:41.014040,240.82,30.36,True,409.63,587.9
SC003,2025-07-31 11:19:41.014040,200.96,20.4,True,403.97,497.46
SC003,2025-07-31 12:19:41.014040,232.61,26.46,True,380.27,611.7
SC003,2025-07-31 13:19:41.014040,124.49,25.76,True,412.23,301.99
SC003,2025-07-31 14:19:41.014040,234.15,23.15,True,387.82,603.76
SC003,2025-07-31 15:19:41.014040,116.18,19.12,True,396.74,292.84
SC003,2025-07-31 16:19:41.014040,124.19,38.47,True,413.52,300.32
SC003,2025-07-31 17:19:41.014040,243.89,34.1,True,405.84,600.95
SC003,2025-07-31 18:19:41.014040,129.49,36.53,True,404.51,320.12
SC003,2025-07-31 19:19:41.014040,57.86,37.02,True,400.94,144.31
SC003,2025-07-31 20:19:41.014040,243.78,23.64,True,395.94,615.7
SC003,2025-07-31 21:19:41.014040,110.94,23.13,True,405.86,273.35
SC003,2025-07-31 22:19:41.014040,127.47,26.16,True,387.92,328.6
SC003,2025-07-31 23:19:41.014040,135.18,22.44,True,411.62,328.41
SC003,2025-08-01 00:19:41.014040,126.32,29.01,False,397.45,317.83
SC003,2025-08-01 01:19:41.014040,51.99,34.55,True,417.07,124.66
SC003,2025-08-01 02:19:41.014040,124.12,27.75,True,415.0,299.08
SC003,2025-08-01 03:19:41.014040,163.75,31.65,True,394.63,414.95
SC003,2025-08-01 04:19:41.014040,99.04,36.8,True,381.99,259.27
SC003,2025-08-01 05:19:41.014040,83.71,22.8,True,386.5,216.58
SC003,2025-08-01 06:19:41.014040,89.63,38.63,True,408.98,219.15
SC003,2025-08-01 07:19:41.014040,71.51,32.04,True,399.21,179.13
SC003,2025-08-01 08:19:41.014040,180.51,23.45,True,390.0,462.85
SC003,2025-08-01 09:19:41.014040,120.28,32.52,True,401.26,299.76
SC003,2025-08-01 10:19:41.014040,172.51,25.87,True,390.8,441.43
SC003,2025-08-01 11:19:41.014040,52.24,37.43,True,410.37,127.3
SC003,2025-08-01 12:19:41.014040,248.78,20.62,True,394.06,631.33
SC003,2025-08-01 13:19:41.014040,80.2,25.09,True,417.12,192.27
SC003,2025-08-01 14:19:41.014040,145.49,20.06,True,399.72,363.98
SC003,2025-08-01 15:19:41.014040,116.17,22.27,True,409.08,283.98
SC003,2025-08-01 16:19:41.014040,175.14,17.97,True,381.53,459.05
SC003,2025-08-01 17:19:41.014040,82.87,16.43,True,394.26,210.19
SC003,2025-08-01 18:19:41.014040,115.53,21.3,True,403.92,286.02
SC003,2025-08-01 19:19:41.014040,106.49,19.34,True,409.56,260.01
SC003,2025-08-01 20:19:41.014040,70.89,20.37,True,413.31,171.52
SC003,2025-08-01 21:19:41.014040,216.05,20.31,True,399.27,541.11
SC003,2025-08-01 22:19:41.014040,58.56,21.43,True,412.73,141.88
SC003,2025-08-01 23:19:41.014040,249.84,16.1,True,397.58,628.4
SC003,2025-08-02 00:19:41.014040,163.15,39.65,True,409.21,398.7
SC003,2025-08-02 01:19:41.014040,220.16,36.77,True,408.41,539.07
SC003,2025-08-02 02:19:41.014040,81.1,19.85,True,403.11,201.19
SC003,2025-08-02 03:19:41.014040,199.01,15.13,True,403.7,492.97
SC003,2025-08-02 04:19:41.014040,168.54,20.12,True,412.62,408.46
SC003,2025-08-02 05:19:41.014040,141.7,21.75,True,400.15,354.12
SC003,2025-08-02 06:19:41.014040,64.69,37.23,True,384.92,168.06
SC003,2025-08-02 07:19:41.014040,199.27,18.51,True,417.61,477.17
SC003,2025-08-02 08:19:41.014040,150.74,37.37,True,385.11,391.42
SC003,2025-08-02 09:19:41.014040,54.6,36.6,True,381.36,143.17
SC003,2025-08-02 10:19:41.014040,133.51,26.42,True,389.66,342.63
SC003,2025-08-02 11:19:41.014040,144.26,21.32,True,382.95,376.71
SC003,2025-08-02 12:19:41.014040,61.39,39.89,True,408.1,150.43
SC003,2025-08-02 13:19:41.014040,192.17,30.76,True,389.04,493.96
SC003,2025-08-02 14:19:41.014040,111.98,21.6,True,412.55,271.43
SC003,2025-08-02 15:19:41.014040,77.44,16.04,True,387.01,200.1
SC003,2025-08-02 16:19:41.014040,240.31,33.72,True,418.14,574.71
SC003,2025-08-02 17:19:41.014040,216.52,29.33,True,382.32,566.33
SC003,2025-08-02 18:19:41.014040,51.89,16.99,True,389.85,133.1
SC003,2025-08-02 19:19:41.014040,153.3,33.87,True,410.97,373.02
SC003,2025-08-02 20:19:41.014040,72.06,34.06,True,410.04,175.74
SC003,2025-08-02 21:19:41.014040,81.77,19.27,True,398.45,205.22
SC003,2025-08-02 22:19:41.014040,233.2,27.41,True,388.36,600.47
SC003,2025-08-02 23:19:41.014040,195.11,25.11,True,393.21,496.2
SC003,2025-08-03 00:19:41.014040,199.32,32.22,True,395.4,504.1
SC003,2025-08-03 01:19:41.014040,170.45,31.67,False,386.9,440.55
SC003,2025-08-03 02:19:41.014040,83.18,19.24,True,408.86,203.44
SC003,2025-08-03 03:19:41.014040,69.22,24.32,True,388.23,178.3
SC003,2025-08-03 04:19:41.014040,151.39,35.35,True,408.29,370.79
SC003,2025-08-03 05:19:41.014040,164.8,37.13,True,415.94,396.21
SC003,2025-08-03 06:19:41.014040,187.24,34.11,True,388.48,481.98
SC003,2025-08-03 07:19:41.014040,175.75,35.38,True,419.22,419.23
SC003,2025-08-03 08:19:41.014040,191.13,28.15,True,410.47,465.64
SC003,2025-08-03 09:19:41.014040,206.27,16.33,True,414.5,497.64
SC003,2025-08-03 10:19:41.014040,146.96,26.67,True,384.61,382.1
SC003,2025-08-03 11:19:41.014040,157.07,23.47,False,408.8,384.22
SC003,2025-08-03 12:19:41.014040,97.33,28.52,True,386.91,251.56
SC003,2025-08-03 13:19:41.014040,59.07,30.95,True,385.45,153.25
SC003,2025-08-03 14:19:41.014040,68.32,24.19,True,417.56,163.62
SC003,2025-08-03 15:19:41.014040,68.33,25.83,True,398.71,171.38
SC003,2025-08-03 16:19:41.014040,227.64,36.99,True,403.1,564.72
SC003,2025-08-03 17:19:41.014040,131.35,36.75,False,389.58,337.16
SC003,2025-08-03 18:19:41.014040,86.24,15.81,True,415.32,207.65
SC003,2025-08-03 19:19:41.014040,100.07,27.13,True,382.92,261.33
SC003,2025-08-03 20:19:41.014040,98.12,30.73,True,410.16,239.22
SC003,2025-08-03 21:19:41.014040,77.2,37.12,True,418.56,184.44
SC003,2025-08-03 22:19:41.014040,62.15,35.6,True,399.73,155.48
SC003,2025-08-03 23:19:41.014040,53.24,23.9,True,384.24,138.56
SC003,2025-08-04 00:19:41.014040,217.97,26.17,True,380.43,572.96
SC003,2025-08-04 01:19:41.014040,160.93,32.15,True,385.6,417.35
SC003,2025-08-04 02:19:41.014040,52.95,25.54,True,413.54,128.04
SC003,2025-08-04 03:19:41.014040,76.43,31.65,True,386.36,197.82
SC003,2025-08-04 04:19:41.014040,100.08,32.9,True,394.5,253.69
SC003,2025-08-04 05:19:41.014040,195.52,22.64,True,397.74,491.58
SC003,2025-08-04 06:19:41.014040,64.33,34.92,True,384.4,167.35
SC003,2025-08-04 07:19:41.014040,226.91,21.49,True,400.85,566.07
SC003,2025-08-04 08:19:41.014040,243.5,15.64,True,403.75,603.1
SC003,2025-08-04 09:19:41.014040,169.56,38.54,True,382.27,443.56
SC003,2025-08-04 10:19:41.014040,132.05,20.56,True,416.24,317.24
SC003,2025-08-04 11:19:41.014040,244.19,25.62,True,406.78,600.3
SC003,2025-08-04 12:19:41.014040,248.67,37.4,True,381.46,651.89
SC003,2025-08-04 13:19:41.014040,160.86,20.47,True,391.61,410.77
SC003,2025-08-04 14:19:41.014040,83.95,23.45,True,416.37,201.62
SC003,2025-08-04 15:19:41.014040,82.86,31.24,True,417.56,198.44
SC003,2025-08-04 16:19:41.014040,209.32,31.74,True,418.01,500.75
SC003,2025-08-04 17:19:41.014040,73.84,20.87,True,391.74,188.49
SC003,2025-08-04 18:19:41.014040,248.47,20.18,True,395.98,627.48
SC003,2025-08-04 19:19:41.014040,231.33,22.07,True,411.82,561.73
SC003,2025-08-04 20:19:41.014040,247.48,16.42,True,407.53,607.27
SC003,2025-08-04 21:19:41.014040,187.64,30.66,True,395.3,474.68
SC003,2025-08-04 22:19:41.014040,87.11,22.23,True,400.37,217.57
SC003,2025-08-04 23:19:41.014040,192.44,25.76,True,410.25,469.08
SC003,2025-08-05 00:19:41.014040,161.32,32.19,True,384.9,419.12
SC003,2025-08-05 01:19:41.014040,62.31,23.91,True,395.75,157.45
SC003,2025-08-05 02:19:41.014040,217.12,20.92,True,402.1,539.97
SC003,2025-08-05 03:19:41.014040,166.1,36.47,True,402.55,412.62
SC003,2025-08-05 04:19:41.014040,226.96,17.16,True,399.17,568.58
SC003,2025-08-05 05:19:41.014040,74.58,32.93,True,412.94,180.61
SC003,2025-08-05 06:19:41.014040,199.39,27.08,True,382.72,520.98
SC003,2025-08-05 07:19:41.014040,72.69,36.0,True,419.42,173.31
SC003,2025-08-05 08:19:41.014040,162.0,30.86,True,385.76,419.95
SC003,2025-08-05 09:19:41.014040,249.76,35.89,True,402.87,619.95
SC003,2025-08-05 10:19:41.014040,185.74,38.16,True,405.11,458.49
SC003,2025-08-05 11:19:41.014040,122.3,22.69,True,388.03,315.18
SC003,2025-08-05 12:19:41.014040,158.39,39.84,True,399.38,396.59
SC003,2025-08-05 13:19:41.014040,99.11,24.7,True,385.43,257.14
SC003,2025-08-05 14:19:41.014040,154.24,17.93,False,406.97,379.0
SC003,2025-08-05 15:19:41.014040,101.94,22.95,True,401.13,254.13
SC003,2025-08-05 16:19:41.014040,194.93,38.77,True,385.66,505.45
SC003,2025-08-05 17:19:41.014040,184.75,31.27,True,390.19,473.49
SC003,2025-08-05 18:19:41.014040,194.07,32.71,False,412.32,470.68
SC003,2025-08-05 19:19:41.014040,218.99,24.57,False,404.26,541.71
SC003,2025-08-05 20:19:41.014040,211.76,38.15,True,403.1,525.33
SC003,2025-08-05 21:19:41.014040,156.12,27.11,True,386.81,403.61
SC004,2025-07-29 22:19:41.014040,238.52,37.25,False,407.38,585.5
SC004,2025-07-29 23:19:41.014040,124.48,36.8,True,381.61,326.2
SC004,2025-07-30 00:19:41.014040,67.55,37.46,False,395.93,170.61
SC004,2025-07-30 01:19:41.014040,249.67,39.22,True,381.56,654.34
SC004,2025-07-30 02:19:41.014040,192.7,24.31,True,387.0,497.93
SC004,2025-07-30 03:19:41.014040,225.43,34.31,True,409.22,550.88
SC004,2025-07-30 04:19:41.014040,114.39,19.29,True,409.48,279.35
SC004,2025-07-30 05:19:41.014040,154.2,27.04,True,415.15,371.43
SC004,2025-07-30 06:19:41.014040,227.99,31.3,True,384.43,593.06
SC004,2025-07-30 07:19:41.014040,185.62,22.61,True,402.48,461.19
SC004,2025-07-30 08:19:41.014040,89.73,28.0,True,408.9,219.44
SC004,2025-07-30 09:19:41.014040,229.58,15.22,True,397.29,577.87
SC004,2025-07-30 10:19:41.014040,107.14,33.48,True,391.05,273.98
SC004,2025-07-30 11:19:41.014040,66.56,19.98,True,396.7,167.78
SC004,2025-07-30 12:19:41.014040,181.36,22.65,True,403.68,449.27
SC004,2025-07-30 13:19:41.014040,145.09,20.16,True,417.68,347.37
SC004,2025-07-30 14:19:41.014040,75.92,23.66,False,409.73,185.29
SC004,2025-07-30 15:19:41.014040,79.11,31.63,True,406.1,194.8
SC004,2025-07-30 16:19:41.014040,245.43,31.16,True,389.88,629.5
SC004,2025-07-30 17:19:41.014040,172.09,24.14,True,398.99,431.31
SC004,2025-07-30 18:19:41.014040,95.57,25.63,True,412.66,231.6
SC004,2025-07-30 19:19:41.014040,131.36,32.06,True,418.12,314.17
SC004,2025-07-30 20:19:41.014040,230.78,15.95,True,412.45,559.53
SC004,2025-07-30 21:19:41.014040,127.18,20.94,True,403.81,314.95
SC004,2025-07-30 22:19:41.014040,124.74,38.11,True,395.06,315.75
SC004,2025-07-30 23:19:41.014040,108.52,36.42,True,407.44,266.35
SC004,2025-07-31 00:19:41.014040,224.87,31.69,True,411.01,547.12
SC004,2025-07-31 01:19:41.014040,239.66,30.97,True,388.29,617.22
SC004,2025-07-31 02:19:41.014040,120.68,32.16,True,406.69,296.74
SC004,2025-07-31 03:19:41.014040,162.71,26.4,True,392.58,414.46
SC004,2025-07-31 04:19:41.014040,203.58,35.19,True,389.0,523.34
SC004,2025-07-31 05:19:41.014040,241.64,26.7,True,389.29,620.72
SC004,2025-07-31 06:19:41.014040,78.67,23.47,True,417.77,188.31
SC004,2025-07-31 07:19:41.014040,138.57,32.34,True,404.88,342.25
SC004,2025-07-31 08:19:41.014040,121.66,39.05,True,408.35,297.93
SC004,2025-07-31 09:19:41.014040,181.94,26.71,True,388.72,468.05
SC004,2025-07-31 10:19:41.014040,58.2,16.75,True,404.83,143.76
SC004,2025-07-31 11:19:41.014040,53.04,35.9,False,400.37,132.48
SC004,2025-07-31 12:19:41.014040,132.53,29.82,True,385.13,344.12
SC004,2025-07-31 13:19:41.014040,208.32,17.05,True,406.43,512.56
SC004,2025-07-31 14:19:41.014040,81.84,33.51,True,406.01,201.57
SC004,2025-07-31 15:19:41.014040,193.77,25.77,True,401.18,483.0
SC004,2025-07-31 16:19:41.014040,50.21,24.02,False,419.7,119.63
SC004,2025-07-31 17:19:41.014040,183.13,36.28,True,388.07,471.9
SC004,2025-07-31 18:19:41.014040,222.67,24.28,True,401.89,554.06
SC004,2025-07-31 19:19:41.014040,60.17,35.73,True,413.71,145.44
SC004,2025-07-31 20:19:41.014040,50.17,29.0,True,393.82,127.39
SC004,2025-07-31 21:19:41.014040,180.13,21.63,True,416.4,432.59
SC004,2025-07-31 22:19:41.014040,79.18,20.97,True,394.8,200.56
SC004,2025-07-31 23:19:41.014040,150.28,20.03,True,409.91,366.62
SC004,2025-08-01 00:19:41.014040,239.05,20.18,True,409.07,584.37
SC004,2025-08-01 01:19:41.014040,145.15,22.52,True,395.19,367.29
SC004,2025-08-01 02:19:41.014040,188.14,33.96,True,391.37,480.72
SC004,2025-08-01 03:19:41.014040,142.7,29.78,True,389.54,366.33
SC004,2025-08-01 04:19:41.014040,228.64,29.08,True,419.22,545.39
SC004,2025-08-01 05:19:41.014040,139.6,17.68,True,386.63,361.07
SC004,2025-08-01 06:19:41.014040,110.22,34.98,True,403.2,273.36
SC004,2025-08-01 07:19:41.014040,218.16,25.31,True,387.04,563.66
SC004,2025-08-01 08:19:41.014040,109.3,37.3,True,404.24,270.38
SC004,2025-08-01 09:19:41.014040,221.26,16.96,True,381.35,580.2
SC004,2025-08-01 10:19:41.014040,55.62,32.21,True,408.65,136.11
SC004,2025-08-01 11:19:41.014040,150.14,15.78,True,400.19,375.17
SC004,2025-08-01 12:19:41.014040,238.83,29.64,True,418.8,570.27
SC004,2025-08-01 13:19:41.014040,131.54,22.58,True,394.21,333.68
SC004,2025-08-01 14:19:41.014040,88.67,22.83,True,405.75,218.53
SC004,2025-08-01 15:19:41.014040,141.73,37.54,False,395.84,358.05
SC004,2025-08-01 16:19:41.014040,139.45,28.19,True,391.03,356.62
SC004,2025-08-01 17:19:41.014040,85.8,23.36,True,381.52,224.89
SC004,2025-08-01 18:19:41.014040,239.69,36.29,True,394.06,608.26
SC004,2025-08-01 19:19:41.014040,59.21,21.32,True,388.28,152.49
SC004,2025-08-01 20:19:41.014040,124.0,37.34,True,382.94,323.81
SC004,2025-08-01 21:19:41.014040,228.42,32.17,True,388.85,587.42
SC004,2025-08-01 22:19:41.014040,173.56,37.17,True,410.72,422.57
SC004,2025-08-01 23:19:41.014040,170.95,19.19,True,401.89,425.37
SC004,2025-08-02 00:19:41.014040,69.76,36.25,True,382.64,182.31
SC004,2025-08-02 01:19:41.014040,142.17,22.33,True,410.12,346.65
SC004,2025-08-02 02:19:41.014040,138.12,37.51,True,404.81,341.2
SC004,2025-08-02 03:19:41.014040,117.93,36.85,True,410.82,287.06
SC004,2025-08-02 04:19:41.014040,165.93,22.28,True,418.37,396.61
SC004,2025-08-02 05:19:41.014040,230.52,21.12,True,392.67,587.06
SC004,2025-08-02 06:19:41.014040,213.91,27.23,True,399.45,535.51
SC004,2025-08-02 07:19:41.014040,156.23,38.54,True,393.36,397.17
SC004,2025-08-02 08:19:41.014040,175.27,26.85,True,388.19,451.51
SC004,2025-08-02 09:19:41.014040,89.17,27.54,True,387.08,230.37
SC004,2025-08-02 10:19:41.014040,215.66,16.57,True,393.57,547.96
SC004,2025-08-02 11:19:41.014040,209.09,21.86,True,418.28,499.88
SC004,2025-08-02 12:19:41.014040,110.16,24.07,False,414.23,265.94
SC004,2025-08-02 13:19:41.014040,152.35,36.9,True,403.85,377.24
SC004,2025-08-02 14:19:41.014040,94.97,26.36,True,417.64,227.4
SC004,2025-08-02 15:19:41.014040,81.68,30.73,True,419.87,194.54
SC004,2025-08-02 16:19:41.014040,172.93,24.66,True,388.36,445.28
SC004,2025-08-02 17:19:41.014040,217.21,27.52,True,390.01,556.93
SC004,2025-08-02 18:19:41.014040,187.81,28.49,True,405.83,462.78
SC004,2025-08-02 19:19:41.014040,92.95,16.58,True,409.45,227.01
SC004,2025-08-02 20:19:41.014040,193.42,26.69,True,398.13,485.82
SC004,2025-08-02 21:19:41.014040,241.81,23.23,True,418.93,577.21
SC004,2025-08-02 22:19:41.014040,224.11,23.21,True,387.17,578.84
SC004,2025-08-02 23:19:41.014040,156.7,39.92,True,404.06,387.81
SC004,2025-08-03 00:19:41.014040,177.81,26.88,True,416.51,426.9
SC004,2025-08-03 01:19:41.014040,138.44,35.74,True,413.33,334.94
SC004,2025-08-03 02:19:41.014040,58.97,20.48,True,418.74,140.83
SC004,2025-08-03 03:19:41.014040,196.63,26.27,True,386.49,508.76
SC004,2025-08-03 04:19:41.014040,226.79,16.56,True,388.78,583.34
SC004,2025-08-03 05:19:41.014040,178.6,16.47,True,407.76,438.0
SC004,2025-08-03 06:19:41.014040,245.3,37.87,True,383.23,640.09
SC004,2025-08-03 07:19:41.014040,228.04,17.53,True,383.55,594.55
SC004,2025-08-03 08:19:41.014040,75.34,27.82,True,411.51,183.08
SC004,2025-08-03 09:19:41.014040,198.78,37.96,True,413.52,480.7
SC004,2025-08-03 10:19:41.014040,242.52,22.99,True,393.18,616.82
SC004,2025-08-03 11:19:41.014040,91.47,25.79,True,402.18,227.44
SC004,2025-08-03 12:19:41.014040,217.46,29.05,True,385.99,563.38
SC004,2025-08-03 13:19:41.014040,208.36,15.76,True,408.65,509.87
SC004,2025-08-03 14:19:41.014040,104.67,37.54,False,407.89,256.61
SC004,2025-08-03 15:19:41.014040,81.32,36.56,True,386.45,210.43
SC004,2025-08-03 16:19:41.014040,146.97,22.45,True,412.38,356.39
SC004,2025-08-03 17:19:41.014040,153.98,15.33,True,415.66,370.45
SC004,2025-08-03 18:19:41.014040,143.21,19.61,True,402.14,356.12
SC004,2025-08-03 19:19:41.014040,142.76,22.74,True,413.83,344.97
SC004,2025-08-03 20:19:41.014040,240.39,16.27,True,401.09,599.34
SC004,2025-08-03 21:19:41.014040,85.09,32.02,True,419.59,202.79
SC004,2025-08-03 22:19:41.014040,167.54,39.71,True,408.2,410.44
SC004,2025-08-03 23:19:41.014040,93.13,31.5,True,407.08,228.78
SC004,2025-08-04 00:19:41.014040,240.47,20.44,True,391.41,614.37
SC004,2025-08-04 01:19:41.014040,179.51,39.28,True,395.25,454.17
SC004,2025-08-04 02:19:41.014040,67.79,21.75,True,392.45,172.74
SC004,2025-08-04 03:19:41.014040,95.48,17.5,True,407.27,234.44
SC004,2025-08-04 04:19:41.014040,205.03,17.55,True,396.95,516.51
SC004,2025-08-04 05:19:41.014040,158.51,30.62,True,383.22,413.63
SC004,2025-08-04 06:19:41.014040,204.87,29.15,True,382.8,535.19
SC004,2025-08-04 07:19:41.014040,219.3,38.66,True,419.89,522.28
SC004,2025-08-04 08:19:41.014040,133.37,17.41,True,388.37,343.41
SC004,2025-08-04 09:19:41.014040,135.58,20.6,True,410.58,330.22
SC004,2025-08-04 10:19:41.014040,56.32,34.22,True,408.85,137.75
SC004,2025-08-04 11:19:41.014040,237.87,31.39,True,417.28,570.05
SC004,2025-08-04 12:19:41.014040,125.3,26.73,True,413.76,302.83
SC004,2025-08-04 13:19:41.014040,85.25,16.28,True,397.86,214.27
SC004,2025-08-04 14:19:41.014040,202.98,19.65,True,409.97,495.11
SC004,2025-08-04 15:19:41.014040,186.6,27.19,True,384.25,485.62
SC004,2025-08-04 16:19:41.014040,109.46,35.75,True,417.97,261.88
SC004,2025-08-04 17:19:41.014040,156.15,27.52,True,395.61,394.71
SC004,2025-08-04 18:19:41.014040,145.29,38.79,False,397.55,365.46
SC004,2025-08-04 19:19:41.014040,84.64,38.22,True,389.3,217.42
SC004,2025-08-04 20:19:41.014040,196.31,20.84,True,402.94,487.19
SC004,2025-08-04 21:19:41.014040,52.66,32.16,True,381.68,137.97
SC004,2025-08-04 22:19:41.014040,231.12,34.66,True,382.71,603.9
SC004,2025-08-04 23:19:41.014040,218.91,30.71,True,417.22,524.69
SC004,2025-08-05 00:19:41.014040,90.05,35.32,True,381.71,235.91
SC004,2025-08-05 01:19:41.014040,115.4,35.73,True,408.11,282.77
SC004,2025-08-05 02:19:41.014040,151.57,15.72,True,416.34,364.05
SC004,2025-08-05 03:19:41.014040,249.01,38.3,True,419.25,593.94
SC004,2025-08-05 04:19:41.014040,157.06,15.46,True,412.05,381.17
SC004,2025-08-05 05:19:41.014040,128.07,39.06,True,402.87,317.89
SC004,2025-08-05 06:19:41.014040,144.95,36.66,True,406.17,356.87
SC004,2025-08-05 07:19:41.014040,231.42,25.57,True,415.47,557.01
SC004,2025-08-05 08:19:41.014040,234.31,37.97,True,381.32,614.47
SC004,2025-08-05 09:19:41.014040,244.6,18.29,True,398.69,613.51
SC004,2025-08-05 10:19:41.014040,160.72,29.01,True,401.38,400.42
SC004,2025-08-05 11:19:41.014040,95.64,36.39,True,397.2,240.79
SC004,2025-08-05 12:19:41.014040,140.15,33.23,True,399.68,350.66
SC004,2025-08-05 13:19:41.014040,185.53,26.62,True,404.35,458.84
SC004,2025-08-05 14:19:41.014040,235.58,19.51,True,397.66,592.42
SC004,2025-08-05 15:19:41.014040,167.35,23.86,True,391.44,427.52
SC004,2025-08-05 16:19:41.014040,136.41,20.24,True,399.18,341.73
SC004,2025-08-05 17:19:41.014040,247.67,18.7,True,416.23,595.03
SC004,2025-08-05 18:19:41.014040,78.02,16.6,True,391.39,199.34
SC004,2025-08-05 19:19:41.014040,189.33,19.15,True,395.97,478.14
SC004,2025-08-05 20:19:41.014040,213.79,20.75,True,415.08,515.06
SC004,2025-08-05 21:19:41.014040,235.51,30.61,True,403.93,583.05
SC005,2025-07-29 22:19:41.014040,130.5,30.71,True,383.84,339.99
SC005,2025-07-29 23:19:41.014040,217.57,15.14,True,415.4,523.76
SC005,2025-07-30 00:19:41.014040,165.39,22.81,True,381.91,433.06
SC005,2025-07-30 01:19:41.014040,188.24,37.39,True,390.12,482.52
SC005,2025-07-30 02:19:41.014040,81.88,15.92,True,414.24,197.66
SC005,2025-07-30 03:19:41.014040,60.94,20.07,True,405.03,150.46
SC005,2025-07-30 04:19:41.014040,235.46,33.36,True,400.95,587.26
SC005,2025-07-30 05:19:41.014040,63.82,29.31,True,401.08,159.12
SC005,2025-07-30 06:19:41.014040,128.31,20.78,True,397.95,322.43
SC005,2025-07-30 07:19:41.014040,190.97,32.55,True,391.52,487.77
SC005,2025-07-30 08:19:41.014040,156.57,36.87,True,381.77,410.12
SC005,2025-07-30 09:19:41.014040,118.46,35.42,True,402.76,294.12
SC005,2025-07-30 10:19:41.014040,79.88,33.22,True,415.95,192.04
SC005,2025-07-30 11:19:41.014040,214.48,27.08,True,381.23,562.6
SC005,2025-07-30 12:19:41.014040,157.4,18.34,True,397.9,395.58
SC005,2025-07-30 13:19:41.014040,206.8,39.55,True,406.13,509.2
SC005,2025-07-30 14:19:41.014040,63.78,36.48,True,387.94,164.41
SC005,2025-07-30 15:19:41.014040,229.42,20.44,True,387.1,592.66
SC005,2025-07-30 16:19:41.014040,194.58,37.55,True,417.76,465.77
SC005,2025-07-30 17:19:41.014040,146.43,36.92,True,404.47,362.03
SC005,2025-07-30 18:19:41.014040,149.88,25.58,True,406.29,368.9
SC005,2025-07-30 19:19:41.014040,221.64,31.56,True,412.3,537.57
SC005,2025-07-30 20:19:41.014040,113.52,34.9,True,412.48,275.21
SC005,2025-07-30 21:19:41.014040,230.88,16.62,True,400.69,576.21
SC005,2025-07-30 22:19:41.014040,145.21,23.82,False,414.37,350.44
SC005,2025-07-30 23:19:41.014040,152.25,32.86,True,390.57,389.81
SC005,2025-07-31 00:19:41.014040,168.41,36.59,True,402.44,418.47
SC005,2025-07-31 01:19:41.014040,74.38,37.75,True,393.13,189.2
SC005,2025-07-31 02:19:41.014040,203.56,21.66,False,391.61,519.8
SC005,2025-07-31 03:19:41.014040,83.83,39.54,True,413.8,202.59
SC005,2025-07-31 04:19:41.014040,112.98,39.6,True,414.4,272.64
SC005,2025-07-31 05:19:41.014040,157.52,20.78,True,414.82,379.73
SC005,2025-07-31 06:19:41.014040,239.26,26.69,False,408.41,585.83
SC005,2025-07-31 07:19:41.014040,81.85,34.29,True,418.49,195.58
SC005,2025-07-31 08:19:41.014040,191.81,21.97,True,406.73,471.59
SC005,2025-07-31 09:19:41.014040,61.59,30.82,True,388.8,158.41
SC005,2025-07-31 10:19:41.014040,163.0,36.38,True,380.95,427.88
SC005,2025-07-31 11:19:41.014040,173.82,22.71,True,388.36,447.57
SC005,2025-07-31 12:19:41.014040,197.99,15.44,True,419.45,472.02
SC005,2025-07-31 13:19:41.014040,243.25,28.49,True,411.66,590.9
SC005,2025-07-31 14:19:41.014040,176.99,33.34,True,416.76,424.68
SC005,2025-07-31 15:19:41.014040,195.33,18.26,True,393.23,496.73
SC005,2025-07-31 16:19:41.014040,51.97,27.84,True,391.42,132.77
SC005,2025-07-31 17:19:41.014040,186.81,28.66,True,407.57,458.35
SC005,2025-07-31 18:19:41.014040,66.77,24.78,True,387.49,172.31
SC005,2025-07-31 19:19:41.014040,201.72,15.55,True,414.63,486.51
SC005,2025-07-31 20:19:41.014040,210.04,36.16,True,381.63,550.38
SC005,2025-07-31 21:19:41.014040,165.04,25.19,True,406.04,406.46
SC005,2025-07-31 22:19:41.014040,77.35,28.01,True,399.82,193.46
SC005,2025-07-31 23:19:41.014040,197.78,34.78,True,390.03,507.09
SC005,2025-08-01 00:19:41.014040,61.34,29.53,True,402.08,152.56
SC005,2025-08-01 01:19:41.014040,183.47,35.52,True,399.88,458.81
SC005,2025-08-01 02:19:41.014040,97.71,32.16,True,384.49,254.13
SC005,2025-08-01 03:19:41.014040,79.66,30.61,True,381.45,208.83
SC005,2025-08-01 04:19:41.014040,249.46,37.21,True,388.84,641.55
SC005,2025-08-01 05:19:41.014040,142.0,19.89,True,406.35,349.45
SC005,2025-08-01 06:19:41.014040,244.63,17.43,True,418.54,584.48
SC005,2025-08-01 07:19:41.014040,224.93,35.42,True,414.15,543.11
SC005,2025-08-01 08:19:41.014040,109.6,39.92,True,386.06,283.89
SC005,2025-08-01 09:19:41.014040,184.93,23.09,True,386.56,478.4
SC005,2025-08-01 10:19:41.014040,145.92,16.49,True,407.29,358.27
SC005,2025-08-01 11:19:41.014040,174.01,21.0,True,399.32,435.77
SC005,2025-08-01 12:19:41.014040,223.5,29.87,True,390.76,571.96
SC005,2025-08-01 13:19:41.014040,197.02,20.07,True,407.18,483.86
SC005,2025-08-01 14:19:41.014040,75.31,22.14,True,407.28,184.91
SC005,2025-08-01 15:19:41.014040,86.36,19.35,True,398.52,216.7
SC005,2025-08-01 16:19:41.014040,227.97,26.59,True,417.97,545.42
SC005,2025-08-01 17:19:41.014040,70.3,39.24,True,410.2,171.38
SC005,2025-08-01 18:19:41.014040,170.67,39.15,True,412.87,413.37
SC005,2025-08-01 19:19:41.014040,68.63,21.68,True,412.43,166.4
SC005,2025-08-01 20:19:41.014040,223.38,34.51,True,410.44,544.25
SC005,2025-08-01 21:19:41.014040,152.06,25.8,True,408.05,372.65
SC005,2025-08-01 22:19:41.014040,181.48,15.24,True,394.36,460.19
SC005,2025-08-01 23:19:41.014040,198.0,21.74,True,392.32,504.69
SC005,2025-08-02 00:19:41.014040,231.1,21.84,True,388.97,594.13
SC005,2025-08-02 01:19:41.014040,208.01,28.58,False,389.73,533.73
SC005,2025-08-02 02:19:41.014040,135.32,35.8,True,405.57,333.65
SC005,2025-08-02 03:19:41.014040,182.31,19.67,True,410.39,444.24
SC005,2025-08-02 04:19:41.014040,128.7,29.53,True,413.35,311.36
SC005,2025-08-02 05:19:41.014040,142.43,34.51,True,407.58,349.45
SC005,2025-08-02 06:19:41.014040,102.8,16.9,True,390.61,263.18
SC005,2025-08-02 07:19:41.014040,138.27,27.05,True,410.86,336.54
SC005,2025-08-02 08:19:41.014040,64.23,35.96,True,415.91,154.43
SC005,2025-08-02 09:19:41.014040,195.51,30.4,True,408.56,478.53
SC005,2025-08-02 10:19:41.014040,188.62,25.88,True,419.23,449.92
SC005,2025-08-02 11:19:41.014040,56.13,30.73,True,405.87,138.3
SC005,2025-08-02 12:19:41.014040,121.5,29.76,True,386.91,314.03
SC005,2025-08-02 13:19:41.014040,114.1,17.53,True,404.2,282.29
SC005,2025-08-02 14:19:41.014040,102.05,39.59,True,384.04,265.73
SC005,2025-08-02 15:19:41.014040,140.84,31.35,True,390.6,360.57
SC005,2025-08-02 16:19:41.014040,143.96,27.12,True,410.87,350.38
SC005,2025-08-02 17:19:41.014040,242.57,32.25,True,390.47,621.23
SC005,2025-08-02 18:19:41.014040,166.49,27.26,True,408.48,407.58
SC005,2025-08-02 19:19:41.014040,194.73,36.0,True,408.52,476.67
SC005,2025-08-02 20:19:41.014040,242.7,25.46,True,418.68,579.68
SC005,2025-08-02 21:19:41.014040,127.63,30.54,True,417.74,305.52
SC005,2025-08-02 22:19:41.014040,172.52,19.98,True,394.7,437.09
SC005,2025-08-02 23:19:41.014040,144.32,15.6,True,407.37,354.27
SC005,2025-08-03 00:19:41.014040,155.52,17.91,True,418.09,371.98
SC005,2025-08-03 01:19:41.014040,142.77,20.4,True,407.54,350.32
SC005,2025-08-03 02:19:41.014040,180.75,31.43,True,381.48,473.81
SC005,2025-08-03 03:19:41.014040,181.06,24.6,True,392.62,461.16
SC005,2025-08-03 04:19:41.014040,163.25,34.39,True,417.23,391.27
SC005,2025-08-03 05:19:41.014040,153.03,22.22,True,406.09,376.84
SC005,2025-08-03 06:19:41.014040,156.89,37.5,True,382.79,409.86
SC005,2025-08-03 07:19:41.014040,78.85,22.64,True,383.75,205.47
SC005,2025-08-03 08:19:41.014040,160.65,30.25,True,410.73,391.13
SC005,2025-08-03 09:19:41.014040,220.2,33.7,False,400.94,549.21
SC005,2025-08-03 10:19:41.014040,112.95,31.37,False,392.27,287.94
SC005,2025-08-03 11:19:41.014040,122.94,20.56,True,384.9,319.41
SC005,2025-08-03 12:19:41.014040,70.14,22.15,True,415.43,168.84
SC005,2025-08-03 13:19:41.014040,162.24,29.43,True,408.22,397.43
SC005,2025-08-03 14:19:41.014040,209.25,32.91,True,397.17,526.85
SC005,2025-08-03 15:19:41.014040,203.2,17.21,True,403.46,503.64
SC005,2025-08-03 16:19:41.014040,234.03,32.44,True,382.92,611.17
SC005,2025-08-03 17:19:41.014040,138.48,25.03,True,402.32,344.2
SC005,2025-08-03 18:19:41.014040,175.65,20.0,False,415.51,422.73
SC005,2025-08-03 19:19:41.014040,220.28,33.91,True,410.76,536.27
SC005,2025-08-03 20:19:41.014040,169.84,33.93,True,417.35,406.95
SC005,2025-08-03 21:19:41.014040,64.36,18.52,True,412.46,156.04
SC005,2025-08-03 22:19:41.014040,230.8,30.84,True,395.13,584.11
SC005,2025-08-03 23:19:41.014040,180.78,31.56,True,410.04,440.88
SC005,2025-08-04 00:19:41.014040,183.45,25.13,True,403.19,455.0
SC005,2025-08-04 01:19:41.014040,90.77,29.45,True,388.74,233.5
SC005,2025-08-04 02:19:41.014040,117.09,23.66,True,418.67,279.67
SC005,2025-08-04 03:19:41.014040,121.52,36.72,True,386.5,314.41
SC005,2025-08-04 04:19:41.014040,146.54,17.69,True,386.71,378.94
SC005,2025-08-04 05:19:41.014040,248.56,32.71,True,403.23,616.42
SC005,2025-08-04 06:19:41.014040,82.7,32.22,True,412.41,200.53
SC005,2025-08-04 07:19:41.014040,143.97,17.25,True,403.65,356.67
SC005,2025-08-04 08:19:41.014040,53.17,27.07,True,410.38,129.56
SC005,2025-08-04 09:19:41.014040,65.44,35.55,True,384.23,170.31
SC005,2025-08-04 10:19:41.014040,194.4,20.89,True,417.77,465.33
SC005,2025-08-04 11:19:41.014040,164.56,34.25,True,391.79,420.02
SC005,2025-08-04 12:19:41.014040,242.88,16.02,True,411.79,589.82
SC005,2025-08-04 13:19:41.014040,107.65,33.15,True,401.24,268.29
SC005,2025-08-04 14:19:41.014040,128.32,18.99,True,392.95,326.56
SC005,2025-08-04 15:19:41.014040,194.48,26.71,True,382.52,508.42
SC005,2025-08-04 16:19:41.014040,51.85,28.09,True,395.8,131.0
SC005,2025-08-04 17:19:41.014040,51.84,29.91,False,389.84,132.98
SC005,2025-08-04 18:19:41.014040,127.76,19.27,True,412.54,309.69
SC005,2025-08-04 19:19:41.014040,190.34,22.82,True,382.4,497.75
SC005,2025-08-04 20:19:41.014040,204.44,20.21,True,390.3,523.8
SC005,2025-08-04 21:19:41.014040,198.15,22.79,True,393.81,503.16
SC005,2025-08-04 22:19:41.014040,57.84,39.29,True,409.24,141.34
SC005,2025-08-04 23:19:41.014040,121.52,28.39,True,405.48,299.69
SC005,2025-08-05 00:19:41.014040,156.9,35.28,False,416.31,376.88
SC005,2025-08-05 01:19:41.014040,126.03,25.57,True,398.8,316.02
SC005,2025-08-05 02:19:41.014040,112.49,20.3,True,391.8,287.11
SC005,2025-08-05 03:19:41.014040,220.14,28.02,True,380.85,578.02
SC005,2025-08-05 04:19:41.014040,127.27,22.49,True,401.89,316.68
SC005,2025-08-05 05:19:41.014040,175.89,27.05,False,402.68,436.8
SC005,2025-08-05 06:19:41.014040,241.58,30.95,True,398.24,606.62
SC005,2025-08-05 07:19:41.014040,213.07,28.21,True,382.38,557.22
SC005,2025-08-05 08:19:41.014040,135.01,24.63,True,416.08,324.48
SC005,2025-08-05 09:19:41.014040,188.25,25.98,True,380.37,494.91
SC005,2025-08-05 10:19:41.014040,77.32,23.65,True,412.01,187.67
SC005,2025-08-05 11:19:41.014040,107.39,37.98,True,391.6,274.23
SC005,2025-08-05 12:19:41.014040,54.08,31.14,True,414.4,130.5
SC005,2025-08-05 13:19:41.014040,176.94,24.76,True,403.03,439.02
SC005,2025-08-05 14:19:41.014040,165.67,22.35,False,403.09,411.0
SC005,2025-08-05 15:19:41.014040,83.99,29.32,True,414.1,202.83
SC005,2025-08-05 16:19:41.014040,92.43,37.03,True,393.09,235.14
SC005,2025-08-05 17:19:41.014040,57.49,27.89,True,386.41,148.78
SC005,2025-08-05 18:19:41.014040,237.84,31.08,True,385.07,617.65
SC005,2025-08-05 19:19:41.014040,90.78,23.85,True,418.49,216.92
SC005,2025-08-05 20:19:41.014040,74.1,32.67,True,391.95,189.05
SC005,2025-08-05 21:19:41.014040,123.1,22.48,True,388.71,316.69
